{"model_type": "LogisticRegression", "model_post_processing_params": {}, "input_quantizers": [{"n_bits": 5, "is_signed": false, "is_symmetric": false, "is_qat": false, "is_precomputed_qat": false, "rmin": -1.7910034258588634, "rmax": 1.3607826406495662, "uvalues": [-1.79, -1.77, -1.76, -1.75, -1.71, -1.52, -1.51, -1.49, -1.39, -1.35, -1.33, -1.27, -1.21, -1.18, -1.13, -1.11, -1.03, -0.99, -0.98, -0.93, -0.92, -0.91, -0.9, -0.87, -0.85, -0.83, -0.79, -0.74, -0.72, -0.7, -0.68, -0.65, -0.64, -0.63, -0.61, -0.6, -0.59, -0.57, -0.55, -0.49, -0.48, -0.47, -0.43, -0.41, -0.4, -0.31, -0.28, -0.22, -0.21, -0.2, -0.17, -0.11, -0.05, -0.01, 0.02, 0.05, 0.12, 0.14, 0.18, 0.2, 0.21, 0.27, 0.48, 0.49, 0.57, 0.58, 0.59, 0.6, 0.62, 0.66, 0.74, 0.79, 0.8, 0.88, 0.9, 1.0, 1.03, 1.14, 1.36], "offset": 0, "scale": 0.10167051827446547, "zero_point": 18}], "output_quantizers": [{"n_bits": 5, "is_signed": false, "is_symmetric": false, "is_qat": false, "is_precomputed_qat": false, "rmax": 9.441675937057031, "rmin": -7.876007661406609, "uvalues": [-7.88, -7.71, -7.64, -7.0, -6.93, -6.6, -6.58, -6.48, -6.4, -6.28, -6.18, -6.14, -6.08, -6.04, -6.03, -5.99, -5.95, -5.91, -5.86, -5.77, -5.7, -5.66, -5.65, -5.54, -5.5, -5.45, -5.42, -5.39, -5.33, -5.32, -5.31, -5.29, -5.26, -5.24, -5.22, -5.21, -5.14, -5.1, -5.01, -4.98, -4.94, -4.93, -4.9, -4.87, -4.84, -4.82, -4.79, -4.74, -4.72, -4.7, -4.69, -4.68, -4.67, -4.65, -4.64, -4.63, -4.62, -4.61, -4.6, -4.59, -4.58, -4.57, -4.56, -4.55, -4.54, -4.53, -4.52, -4.51, -4.5, -4.48, -4.46, -4.44, -4.43, -4.42, -4.41, -4.4, -4.39, -4.38, -4.37, -4.36, -4.35, -4.34, -4.33, -4.32, -4.31, -4.3, -4.29, -4.28, -4.27, -4.26, -4.25, -4.24, -4.22, -4.21, -4.2, -4.19, -4.18, -4.16, -4.15, -4.14, -4.13, -4.12, -4.11, -4.1, -4.09, -4.07, -4.06, -4.05, -4.04, -4.03, -4.02, -4.0, -3.99, -3.98, -3.97, -3.96, -3.95, -3.94, -3.93, -3.92, -3.9, -3.88, -3.87, -3.86, -3.85, -3.84, -3.82, -3.79, -3.78, -3.77, -3.76, -3.74, -3.73, -3.72, -3.71, -3.7, -3.66, -3.65, -3.64, -3.62, -3.61, -3.6, -3.59, -3.57, -3.56, -3.54, -3.53, -3.51, -3.5, -3.48, -3.47, -3.46, -3.45, -3.44, -3.43, -3.42, -3.41, -3.4, -3.39, -3.38, -3.37, -3.36, -3.35, -3.34, -3.31, -3.3, -3.29, -3.28, -3.27, -3.26, -3.24, -3.23, -3.22, -3.2, -3.19, -3.18, -3.17, -3.15, -3.14, -3.12, -3.1, -3.09, -3.07, -3.06, -3.05, -3.04, -3.03, -3.02, -3.01, -3.0, -2.99, -2.98, -2.96, -2.95, -2.94, -2.93, -2.91, -2.9, -2.89, -2.88, -2.87, -2.86, -2.85, -2.84, -2.83, -2.82, -2.81, -2.79, -2.78, -2.77, -2.76, -2.75, -2.74, -2.73, -2.72, -2.71, -2.69, -2.68, -2.67, -2.66, -2.65, -2.63, -2.62, -2.61, -2.6, -2.59, -2.58, -2.57, -2.56, -2.55, -2.54, -2.53, -2.52, -2.51, -2.5, -2.49, -2.48, -2.47, -2.46, -2.45, -2.44, -2.43, -2.42, -2.41, -2.4, -2.39, -2.38, -2.37, -2.35, -2.33, -2.32, -2.3, -2.29, -2.27, -2.26, -2.25, -2.24, -2.23, -2.22, -2.21, -2.19, -2.17, -2.16, -2.15, -2.14, -2.13, -2.12, -2.11, -2.1, -2.09, -2.08, -2.07, -2.05, -2.04, -2.03, -2.02, -2.01, -1.99, -1.98, -1.97, -1.96, -1.95, -1.94, -1.93, -1.92, -1.91, -1.9, -1.89, -1.85, -1.8, -1.79, -1.77, -1.76, -1.75, -1.74, -1.73, -1.72, -1.71, -1.7, -1.69, -1.68, -1.67, -1.66, -1.64, -1.63, -1.62, -1.61, -1.59, -1.58, -1.57, -1.56, -1.55, -1.54, -1.53, -1.52, -1.51, -1.5, -1.49, -1.48, -1.47, -1.46, -1.45, -1.44, -1.43, -1.42, -1.41, -1.38, -1.36, -1.35, -1.34, -1.33, -1.32, -1.31, -1.3, -1.28, -1.27, -1.26, -1.25, -1.24, -1.23, -1.22, -1.21, -1.19, -1.18, -1.17, -1.16, -1.15, -1.14, -1.13, -1.12, -1.11, -1.1, -1.08, -1.07, -1.06, -1.05, -1.04, -1.03, -1.02, -1.01, -0.99, -0.96, -0.93, -0.92, -0.91, -0.9, -0.89, -0.88, -0.87, -0.86, -0.85, -0.84, -0.81, -0.8, -0.79, -0.78, -0.77, -0.76, -0.75, -0.71, -0.7, -0.69, -0.67, -0.66, -0.65, -0.64, -0.63, -0.62, -0.61, -0.6, -0.59, -0.58, -0.57, -0.56, -0.55, -0.54, -0.51, -0.5, -0.47, -0.45, -0.44, -0.42, -0.41, -0.39, -0.38, -0.36, -0.35, -0.34, -0.33, -0.32, -0.31, -0.3, -0.29, -0.28, -0.27, -0.26, -0.23, -0.22, -0.21, -0.19, -0.17, -0.16, -0.13, -0.12, -0.11, -0.1, -0.09, -0.08, -0.06, -0.04, -0.03, -0.02, -0.01, -0.0, 0.01, 0.03, 0.04, 0.06, 0.07, 0.08, 0.09, 0.1, 0.13, 0.14, 0.16, 0.21, 0.23, 0.27, 0.29, 0.32, 0.33, 0.35, 0.36, 0.37, 0.38, 0.4, 0.41, 0.42, 0.45, 0.46, 0.47, 0.48, 0.5, 0.51, 0.52, 0.53, 0.57, 0.59, 0.62, 0.64, 0.65, 0.66, 0.67, 0.68, 0.69, 0.7, 0.71, 0.73, 0.74, 0.76, 0.77, 0.79, 0.81, 0.82, 0.83, 0.87, 0.88, 0.89, 0.9, 0.93, 0.96, 0.98, 1.0, 1.04, 1.07, 1.08, 1.09, 1.11, 1.13, 1.14, 1.15, 1.16, 1.17, 1.23, 1.25, 1.26, 1.27, 1.28, 1.29, 1.31, 1.33, 1.36, 1.39, 1.41, 1.42, 1.44, 1.46, 1.47, 1.51, 1.52, 1.54, 1.56, 1.57, 1.59, 1.6, 1.61, 1.63, 1.65, 1.66, 1.69, 1.7, 1.71, 1.73, 1.77, 1.88, 1.89, 1.92, 1.93, 1.94, 2.02, 2.03, 2.04, 2.06, 2.07, 2.08, 2.12, 2.18, 2.2, 2.24, 2.32, 2.39, 2.41, 2.43, 2.45, 2.49, 2.5, 2.51, 2.62, 2.68, 2.69, 2.7, 2.75, 2.77, 2.82, 2.85, 2.91, 2.96, 2.97, 2.98, 3.03, 3.07, 3.08, 3.14, 3.24, 3.25, 3.33, 3.37, 3.38, 3.39, 3.43, 3.44, 3.46, 3.49, 3.52, 3.56, 3.57, 3.58, 3.6, 3.62, 3.7, 3.74, 3.75, 3.77, 3.78, 3.82, 3.83, 3.93, 3.94, 3.96, 3.98, 4.01, 4.06, 4.07, 4.08, 4.12, 4.13, 4.17, 4.2, 4.21, 4.22, 4.24, 4.29, 4.3, 4.4, 4.42, 4.46, 4.47, 4.49, 4.52, 4.53, 4.56, 4.57, 4.58, 4.62, 4.64, 4.67, 4.68, 4.7, 4.71, 4.72, 4.74, 4.76, 4.8, 4.81, 4.82, 4.86, 4.89, 4.91, 4.92, 4.93, 4.94, 4.96, 4.99, 5.05, 5.06, 5.07, 5.08, 5.12, 5.13, 5.16, 5.18, 5.22, 5.23, 5.26, 5.28, 5.29, 5.3, 5.31, 5.32, 5.33, 5.34, 5.35, 5.37, 5.4, 5.41, 5.42, 5.43, 5.45, 5.47, 5.5, 5.52, 5.53, 5.54, 5.55, 5.56, 5.57, 5.6, 5.62, 5.65, 5.66, 5.7, 5.71, 5.72, 5.74, 5.79, 5.81, 5.82, 5.83, 5.84, 5.86, 5.87, 5.88, 5.91, 5.92, 5.93, 5.95, 5.97, 5.98, 6.0, 6.03, 6.06, 6.07, 6.09, 6.12, 6.13, 6.14, 6.16, 6.18, 6.21, 6.22, 6.23, 6.24, 6.25, 6.26, 6.27, 6.28, 6.31, 6.33, 6.34, 6.38, 6.39, 6.4, 6.41, 6.46, 6.47, 6.49, 6.5, 6.51, 6.52, 6.54, 6.56, 6.57, 6.59, 6.61, 6.62, 6.64, 6.65, 6.66, 6.67, 6.68, 6.69, 6.7, 6.71, 6.72, 6.74, 6.76, 6.77, 6.79, 6.82, 6.83, 6.85, 6.88, 6.89, 6.92, 6.93, 6.95, 6.96, 6.97, 6.98, 6.99, 7.0, 7.01, 7.02, 7.05, 7.07, 7.08, 7.12, 7.13, 7.14, 7.16, 7.17, 7.18, 7.21, 7.25, 7.26, 7.33, 7.36, 7.39, 7.4, 7.41, 7.44, 7.46, 7.48, 7.51, 7.56, 7.6, 7.63, 7.64, 7.66, 7.7, 7.73, 7.76, 7.77, 7.81, 7.82, 7.87, 7.89, 7.92, 7.93, 7.94, 7.97, 8.07, 8.09, 8.12, 8.21, 8.25, 8.33, 8.39, 8.41, 8.43, 8.45, 8.54, 8.6, 8.61, 8.7, 8.73, 8.76, 8.77, 8.9, 8.95, 9.02, 9.08, 9.29, 9.44], "scale": 0.5586349547891496, "zero_point": 14, "offset": 0}], "cml_version": "0.5.1"}